radius,x,y,image
10.5,125.3536232,102.0463768,0
15.5,144.4735414,114.3012212,1
10.5,133.7752809,98.32303371,2
14,150.8537415,108.7040816,3
10.5,131.7839196,99.5,4
16.5,161.6096059,111.5221675,5
11,133.0669856,100.7631579,6
16.5,151.7974087,109.6878681,7
12.5,131.5,100.1593625,8
18,158.5362776,108.466877,9
13,130.0218579,99.71766849,10
